<?xml version="1.0" encoding="UTF-8"?>
<beans xmlns="http://www.springframework.org/schema/beans"
	xmlns:xsi="http://www.w3.org/2001/XMLSchema-instance"
	xmlns:tx="http://www.springframework.org/schema/tx"
	xsi:schemaLocation="http://www.springframework.org/schema/beans http://www.springframework.org/schema/beans/spring-beans-3.0.xsd
	 					http://www.springframework.org/schema/tx
     					http://www.springframework.org/schema/tx/spring-tx.xsd">
	
	<!-- Root Context: defines shared resources visible to all other web components  -->
	<!-- -->
		<bean id="dataSource" class="org.springframework.jdbc.datasource.SimpleDriverDataSource">
 
			<property name="driverClass" value="org.postgresql.Driver" />
			<property name="url" value="jdbc:postgresql://localhost:5432/postgres" />
			<property name="username" value="postgres" />
		<property name="password" value="postgres" />
		
   </bean> 
   
   <bean id="entityManagerFactory" class="org.springframework.orm.jpa.LocalContainerEntityManagerFactoryBean">
    <property name="dataSource" ref="dataSource"/>
    <property name="jpaVendorAdapter">
      <bean class="org.springframework.orm.jpa.vendor.HibernateJpaVendorAdapter">
        <property name="showSql" value="true" />
      	<property name="database" value="POSTGRESQL" />
      </bean>
    </property>
    <property name="jpaPropertyMap">
    <props>
     	<prop key="showSql">true</prop>
       	<prop key="hibernate.hbm2ddl.auto">create</prop>
        <prop key="hibernate.hbm2ddl.import_files" >import.sql</prop>
        <prop key="database">POSTGRESQL</prop>
        <prop key="databasePlatform">org.hibernate.dialect.PostgreSQLDialect</prop>
      </props>
    </property>
    <property name="jpaDialect">
     	<bean class="org.springframework.orm.jpa.vendor.HibernateJpaDialect">
     	</bean>
     </property>
   <!-- <property name="jpaPropertyMap">
    	<props>
    		<prop key="hibernate.c3p0.min_size">5</prop>
    		<prop key="hibernate.c3p0.max_size">20</prop>
    		<prop key="hibernate.c3p0.timeout">1</prop>
    		<prop key="hibernate.dialect">org.hibernate.dialect.PostgreSQLDialect</prop> 		
    	</props>
    </property> -->
      <property name="persistenceUnitName" value="sample"></property> 
      <property name="packagesToScan" value="com.springsource.html5expense"></property>
  </bean> 
   
 <bean id="transactionManager" class="org.springframework.orm.jpa.JpaTransactionManager">
    <property name="entityManagerFactory" ref="entityManagerFactory"/>
     <property name="dataSource" ref="dataSource"/>
  </bean> 
  

  <bean id="multipartResolver"
        class="org.springframework.web.multipart.commons.CommonsMultipartResolver">
        <property name="maxUploadSize" value="10000000" />
    </bean>
 
 <tx:annotation-driven transaction-manager="transactionManager"/>  
		
</beans>
